{
"lengthUnit": "mil",
"remark": [],
"components": {
	"fields": ["COMPONENT_NO", "COMPONENT_NAME", "LAYER", "X_COORDINATE", "Y_COORDINATE", "ANGLE"],
	"rows": [
		[1, "H5", "T", 1020, -1520, 180],
		[2, "J1", "B", 1720, -95, 180],
		[3, "J2", "B", 1720, -805, 180],
		[4, "U1", "T", 2170, -395, 270],
		[5, "PAD1", "T", 870, -805, 0],
		[6, "PAD1", "B", 870, -805, 0],
		[7, "PAD2", "T", 970, -805, 0],
		[8, "PAD2", "B", 970, -805, 0],
		[9, "PAD3", "T", 2270, -805, 0],
		[10, "PAD3", "B", 2270, -805, 0],
		[11, "PAD4", "T", 2570, -805, 0],
		[12, "PAD4", "B", 2570, -805, 0],
		[13, "PAD5", "T", 770, -95, 0],
		[14, "PAD5", "B", 770, -95, 0],
		[15, "PAD6", "T", 1070, -95, 0],
		[16, "PAD6", "B", 1070, -95, 0],
		[17, "PAD7", "T", 1170, -95, 0],
		[18, "PAD7", "B", 1170, -95, 0],
		[19, "PAD8", "T", 1270, -95, 0],
		[20, "PAD8", "B", 1270, -95, 0],
		[21, "PAD9", "T", 1370, -95, 0],
		[22, "PAD9", "B", 1370, -95, 0],
		[23, "PAD10", "T", 1570, -95, 0],
		[24, "PAD10", "B", 1570, -95, 0],
		[25, "PAD11", "T", 1670, -95, 0],
		[26, "PAD11", "B", 1670, -95, 0],
		[27, "PAD12", "T", 770, -395, 0],
		[28, "PAD12", "B", 770, -395, 0],
		[29, "PAD13", "T", 970, -395, 0],
		[30, "PAD13", "B", 970, -395, 0],
		[31, "PAD14", "T", 1070, -395, 0],
		[32, "PAD14", "B", 1070, -395, 0],
		[33, "PAD15", "T", 1370, -395, 0],
		[34, "PAD15", "B", 1370, -395, 0],
		[35, "PAD16", "T", 1470, -395, 0],
		[36, "PAD16", "B", 1470, -395, 0],
		[37, "PAD17", "T", 1570, -395, 0],
		[38, "PAD17", "B", 1570, -395, 0],
		[39, "PAD18", "T", 1670, -395, 0],
		[40, "PAD18", "B", 1670, -395, 0],
		[41, "PAD19", "T", 1770, -395, 0],
		[42, "PAD19", "B", 1770, -395, 0],
		[43, "PAD20", "T", 1870, -395, 0],
		[44, "PAD20", "B", 1870, -395, 0],
		[45, "PAD21", "T", 1970, -395, 0],
		[46, "PAD21", "B", 1970, -395, 0],
		[47, "PAD22", "T", 2070, -395, 0],
		[48, "PAD22", "B", 2070, -395, 0],
		[49, "PAD23", "T", 2170, -395, 0],
		[50, "PAD23", "B", 2170, -395, 0],
		[51, "PAD24", "T", 770, -1295, 0],
		[52, "PAD24", "B", 770, -1295, 0],
		[53, "PAD25", "T", 1970, -1295, 0],
		[54, "PAD25", "B", 1970, -1295, 0],
		[55, "PAD26", "T", 2070, -1295, 0],
		[56, "PAD26", "B", 2070, -1295, 0],
		[57, "PAD27", "T", 770, -1520, 0],
		[58, "PAD27", "B", 770, -1520, 0],
		[59, "PAD28", "T", 870, -1520, 0],
		[60, "PAD28", "B", 870, -1520, 0],
		[61, "PAD29", "T", 970, -1520, 0],
		[62, "PAD29", "B", 970, -1520, 0],
		[63, "PAD30", "T", 1070, -1520, 0],
		[64, "PAD30", "B", 1070, -1520, 0],
		[65, "PAD31", "T", 1170, -1520, 0],
		[66, "PAD31", "B", 1170, -1520, 0],
		[67, "PAD32", "T", 1270, -1520, 0],
		[68, "PAD32", "B", 1270, -1520, 0]
	]
},
"pins": {
	"fields": ["PIN_NO", "PIN_NAME", "PIN_X", "PIN_Y", "LAYER", "PIN_TYPE", "NET_NAME", "NET_TYPE", "PAD_SHAPE", "PAD_SIZEX", "PAD_SIZEY", "HOLE_SIZE", "HOLE_LEN", "PAD_ANGLE"],
	"rows": [
		[1, "H5_1", 1270, -1520, "T", "DIP", "$1N5233", "", "R", 70.866, 70.866, 47.244, 47.244, 180],
		[2, "H5_1", 1270, -1520, "B", "DIP", "$1N5233", "", "R", 70.866, 70.866, 47.244, 47.244, 180],
		[3, "H5_2", 1170, -1520, "T", "DIP", "$1N6281", "", "C", 70.866, 70.866, 47.244, 47.244, 180],
		[4, "H5_2", 1170, -1520, "B", "DIP", "$1N6281", "", "C", 70.866, 70.866, 47.244, 47.244, 180],
		[5, "H5_3", 1070, -1520, "T", "DIP", "$1N5476", "", "C", 70.866, 70.866, 47.244, 47.244, 180],
		[6, "H5_3", 1070, -1520, "B", "DIP", "$1N5476", "", "C", 70.866, 70.866, 47.244, 47.244, 180],
		[7, "H5_4", 970, -1520, "T", "DIP", "$1N5482", "", "C", 70.866, 70.866, 47.244, 47.244, 180],
		[8, "H5_4", 970, -1520, "B", "DIP", "$1N5482", "", "C", 70.866, 70.866, 47.244, 47.244, 180],
		[9, "H5_5", 870, -1520, "T", "DIP", "$1N5499", "", "C", 70.866, 70.866, 47.244, 47.244, 180],
		[10, "H5_5", 870, -1520, "B", "DIP", "$1N5499", "", "C", 70.866, 70.866, 47.244, 47.244, 180],
		[11, "H5_6", 770, -1520, "T", "DIP", "$1N5261", "", "C", 70.866, 70.866, 47.244, 47.244, 180],
		[12, "H5_6", 770, -1520, "B", "DIP", "$1N5261", "", "C", 70.866, 70.866, 47.244, 47.244, 180],
		[13, "J1_1", 2670, -95, "T", "DIP", "NET_1", "", "R", 70.866, 70.866, 39.3701, 39.3701, 180],
		[14, "J1_1", 2670, -95, "B", "DIP", "NET_1", "", "R", 70.866, 70.866, 39.3701, 39.3701, 180],
		[15, "J1_2", 2570, -95, "T", "DIP", "NET_2", "", "C", 70.866, 70.866, 39.3701, 39.3701, 180],
		[16, "J1_2", 2570, -95, "B", "DIP", "NET_2", "", "C", 70.866, 70.866, 39.3701, 39.3701, 180],
		[17, "J1_3", 2470, -95, "T", "DIP", "NET_3", "", "C", 70.866, 70.866, 39.3701, 39.3701, 180],
		[18, "J1_3", 2470, -95, "B", "DIP", "NET_3", "", "C", 70.866, 70.866, 39.3701, 39.3701, 180],
		[19, "J1_4", 2370, -95, "T", "DIP", "NET_4", "", "C", 70.866, 70.866, 39.3701, 39.3701, 180],
		[20, "J1_4", 2370, -95, "B", "DIP", "NET_4", "", "C", 70.866, 70.866, 39.3701, 39.3701, 180],
		[21, "J1_5", 2270, -95, "T", "DIP", "NET_5", "", "C", 70.866, 70.866, 39.3701, 39.3701, 180],
		[22, "J1_5", 2270, -95, "B", "DIP", "NET_5", "", "C", 70.866, 70.866, 39.3701, 39.3701, 180],
		[23, "J1_6", 2170, -95, "T", "DIP", "NET_6", "", "C", 70.866, 70.866, 39.3701, 39.3701, 180],
		[24, "J1_6", 2170, -95, "B", "DIP", "NET_6", "", "C", 70.866, 70.866, 39.3701, 39.3701, 180],
		[25, "J1_7", 2070, -95, "T", "DIP", "NET_7", "", "C", 70.866, 70.866, 39.3701, 39.3701, 180],
		[26, "J1_7", 2070, -95, "B", "DIP", "NET_7", "", "C", 70.866, 70.866, 39.3701, 39.3701, 180],
		[27, "J1_8", 1970, -95, "T", "DIP", "NET_8", "", "C", 70.866, 70.866, 39.3701, 39.3701, 180],
		[28, "J1_8", 1970, -95, "B", "DIP", "NET_8", "", "C", 70.866, 70.866, 39.3701, 39.3701, 180],
		[29, "J1_9", 1870, -95, "T", "DIP", "NET_9", "", "C", 70.866, 70.866, 39.3701, 39.3701, 180],
		[30, "J1_9", 1870, -95, "B", "DIP", "NET_9", "", "C", 70.866, 70.866, 39.3701, 39.3701, 180],
		[31, "J1_10", 1770, -95, "T", "DIP", "NET_10", "", "C", 70.866, 70.866, 39.3701, 39.3701, 180],
		[32, "J1_10", 1770, -95, "B", "DIP", "NET_10", "", "C", 70.866, 70.866, 39.3701, 39.3701, 180],
		[33, "J1_11", 1670, -95, "T", "DIP", "$1N5194", "", "C", 70.866, 70.866, 39.3701, 39.3701, 180],
		[34, "J1_11", 1670, -95, "B", "DIP", "$1N5194", "", "C", 70.866, 70.866, 39.3701, 39.3701, 180],
		[35, "J1_12", 1570, -95, "T", "DIP", "$1N5187", "", "C", 70.866, 70.866, 39.3701, 39.3701, 180],
		[36, "J1_12", 1570, -95, "B", "DIP", "$1N5187", "", "C", 70.866, 70.866, 39.3701, 39.3701, 180],
		[37, "J1_13", 1470, -95, "T", "DIP", "NET_11", "", "C", 70.866, 70.866, 39.3701, 39.3701, 180],
		[38, "J1_13", 1470, -95, "B", "DIP", "NET_11", "", "C", 70.866, 70.866, 39.3701, 39.3701, 180],
		[39, "J1_14", 1370, -95, "T", "DIP", "$1N5180", "", "C", 70.866, 70.866, 39.3701, 39.3701, 180],
		[40, "J1_14", 1370, -95, "B", "DIP", "$1N5180", "", "C", 70.866, 70.866, 39.3701, 39.3701, 180],
		[41, "J1_15", 1270, -95, "T", "DIP", "$1N5170", "", "C", 70.866, 70.866, 39.3701, 39.3701, 180],
		[42, "J1_15", 1270, -95, "B", "DIP", "$1N5170", "", "C", 70.866, 70.866, 39.3701, 39.3701, 180],
		[43, "J1_16", 1170, -95, "T", "DIP", "$1N5164", "", "C", 70.866, 70.866, 39.3701, 39.3701, 180],
		[44, "J1_16", 1170, -95, "B", "DIP", "$1N5164", "", "C", 70.866, 70.866, 39.3701, 39.3701, 180],
		[45, "J1_17", 1070, -95, "T", "DIP", "$1N5156", "", "C", 70.866, 70.866, 39.3701, 39.3701, 180],
		[46, "J1_17", 1070, -95, "B", "DIP", "$1N5156", "", "C", 70.866, 70.866, 39.3701, 39.3701, 180],
		[47, "J1_18", 970, -95, "T", "DIP", "NET_12", "", "C", 70.866, 70.866, 39.3701, 39.3701, 180],
		[48, "J1_18", 970, -95, "B", "DIP", "NET_12", "", "C", 70.866, 70.866, 39.3701, 39.3701, 180],
		[49, "J1_19", 870, -95, "T", "DIP", "NET_13", "", "C", 70.866, 70.866, 39.3701, 39.3701, 180],
		[50, "J1_19", 870, -95, "B", "DIP", "NET_13", "", "C", 70.866, 70.866, 39.3701, 39.3701, 180],
		[51, "J1_20", 770, -95, "T", "DIP", "$1N5150", "", "C", 70.866, 70.866, 39.3701, 39.3701, 180],
		[52, "J1_20", 770, -95, "B", "DIP", "$1N5150", "", "C", 70.866, 70.866, 39.3701, 39.3701, 180],
		[53, "J2_1", 2670, -805, "T", "DIP", "NET_14", "", "R", 70.866, 70.866, 39.3701, 39.3701, 180],
		[54, "J2_1", 2670, -805, "B", "DIP", "NET_14", "", "R", 70.866, 70.866, 39.3701, 39.3701, 180],
		[55, "J2_2", 2570, -805, "T", "DIP", "$1N5233", "", "C", 70.866, 70.866, 39.3701, 39.3701, 180],
		[56, "J2_2", 2570, -805, "B", "DIP", "$1N5233", "", "C", 70.866, 70.866, 39.3701, 39.3701, 180],
		[57, "J2_3", 2470, -805, "T", "DIP", "NET_15", "", "C", 70.866, 70.866, 39.3701, 39.3701, 180],
		[58, "J2_3", 2470, -805, "B", "DIP", "NET_15", "", "C", 70.866, 70.866, 39.3701, 39.3701, 180],
		[59, "J2_4", 2370, -805, "T", "DIP", "NET_16", "", "C", 70.866, 70.866, 39.3701, 39.3701, 180],
		[60, "J2_4", 2370, -805, "B", "DIP", "NET_16", "", "C", 70.866, 70.866, 39.3701, 39.3701, 180],
		[61, "J2_5", 2270, -805, "T", "DIP", "$1N6286", "", "C", 70.866, 70.866, 39.3701, 39.3701, 180],
		[62, "J2_5", 2270, -805, "B", "DIP", "$1N6286", "", "C", 70.866, 70.866, 39.3701, 39.3701, 180],
		[63, "J2_6", 2170, -805, "T", "DIP", "NET_17", "", "C", 70.866, 70.866, 39.3701, 39.3701, 180],
		[64, "J2_6", 2170, -805, "B", "DIP", "NET_17", "", "C", 70.866, 70.866, 39.3701, 39.3701, 180],
		[65, "J2_7", 2070, -805, "T", "DIP", "NET_18", "", "C", 70.866, 70.866, 39.3701, 39.3701, 180],
		[66, "J2_7", 2070, -805, "B", "DIP", "NET_18", "", "C", 70.866, 70.866, 39.3701, 39.3701, 180],
		[67, "J2_8", 1970, -805, "T", "DIP", "NET_19", "", "C", 70.866, 70.866, 39.3701, 39.3701, 180],
		[68, "J2_8", 1970, -805, "B", "DIP", "NET_19", "", "C", 70.866, 70.866, 39.3701, 39.3701, 180],
		[69, "J2_9", 1870, -805, "T", "DIP", "NET_20", "", "C", 70.866, 70.866, 39.3701, 39.3701, 180],
		[70, "J2_9", 1870, -805, "B", "DIP", "NET_20", "", "C", 70.866, 70.866, 39.3701, 39.3701, 180],
		[71, "J2_10", 1770, -805, "T", "DIP", "NET_21", "", "C", 70.866, 70.866, 39.3701, 39.3701, 180],
		[72, "J2_10", 1770, -805, "B", "DIP", "NET_21", "", "C", 70.866, 70.866, 39.3701, 39.3701, 180],
		[73, "J2_11", 1670, -805, "T", "DIP", "NET_22", "", "C", 70.866, 70.866, 39.3701, 39.3701, 180],
		[74, "J2_11", 1670, -805, "B", "DIP", "NET_22", "", "C", 70.866, 70.866, 39.3701, 39.3701, 180],
		[75, "J2_12", 1570, -805, "T", "DIP", "NET_23", "", "C", 70.866, 70.866, 39.3701, 39.3701, 180],
		[76, "J2_12", 1570, -805, "B", "DIP", "NET_23", "", "C", 70.866, 70.866, 39.3701, 39.3701, 180],
		[77, "J2_13", 1470, -805, "T", "DIP", "NET_24", "", "C", 70.866, 70.866, 39.3701, 39.3701, 180],
		[78, "J2_13", 1470, -805, "B", "DIP", "NET_24", "", "C", 70.866, 70.866, 39.3701, 39.3701, 180],
		[79, "J2_14", 1370, -805, "T", "DIP", "NET_25", "", "C", 70.866, 70.866, 39.3701, 39.3701, 180],
		[80, "J2_14", 1370, -805, "B", "DIP", "NET_25", "", "C", 70.866, 70.866, 39.3701, 39.3701, 180],
		[81, "J2_15", 1270, -805, "T", "DIP", "NET_26", "", "C", 70.866, 70.866, 39.3701, 39.3701, 180],
		[82, "J2_15", 1270, -805, "B", "DIP", "NET_26", "", "C", 70.866, 70.866, 39.3701, 39.3701, 180],
		[83, "J2_16", 1170, -805, "T", "DIP", "NET_27", "", "C", 70.866, 70.866, 39.3701, 39.3701, 180],
		[84, "J2_16", 1170, -805, "B", "DIP", "NET_27", "", "C", 70.866, 70.866, 39.3701, 39.3701, 180],
		[85, "J2_17", 1070, -805, "T", "DIP", "NET_28", "", "C", 70.866, 70.866, 39.3701, 39.3701, 180],
		[86, "J2_17", 1070, -805, "B", "DIP", "NET_28", "", "C", 70.866, 70.866, 39.3701, 39.3701, 180],
		[87, "J2_18", 970, -805, "T", "DIP", "$1N5261", "", "C", 70.866, 70.866, 39.3701, 39.3701, 180],
		[88, "J2_18", 970, -805, "B", "DIP", "$1N5261", "", "C", 70.866, 70.866, 39.3701, 39.3701, 180],
		[89, "J2_19", 870, -805, "T", "DIP", "$1N5212", "", "C", 70.866, 70.866, 39.3701, 39.3701, 180],
		[90, "J2_19", 870, -805, "B", "DIP", "$1N5212", "", "C", 70.866, 70.866, 39.3701, 39.3701, 180],
		[91, "J2_20", 770, -805, "T", "DIP", "NET_29", "", "C", 70.866, 70.866, 39.3701, 39.3701, 180],
		[92, "J2_20", 770, -805, "B", "DIP", "NET_29", "", "C", 70.866, 70.866, 39.3701, 39.3701, 180],
		[93, "U1_1", 770, -395, "T", "DIP", "$1N5261", "", "C", 60, 60, 36, 36, 90],
		[94, "U1_1", 770, -395, "B", "DIP", "$1N5261", "", "C", 60, 60, 36, 36, 90],
		[95, "U1_2", 870, -395, "T", "DIP", "NET_30", "", "C", 60, 60, 36, 36, 90],
		[96, "U1_2", 870, -395, "B", "DIP", "NET_30", "", "C", 60, 60, 36, 36, 90],
		[97, "U1_3", 970, -395, "T", "DIP", "$1N5150", "", "C", 60, 60, 36, 36, 90],
		[98, "U1_3", 970, -395, "B", "DIP", "$1N5150", "", "C", 60, 60, 36, 36, 90],
		[99, "U1_4", 1070, -395, "T", "DIP", "$1N5156", "", "C", 60, 60, 36, 36, 90],
		[100, "U1_4", 1070, -395, "B", "DIP", "$1N5156", "", "C", 60, 60, 36, 36, 90],
		[101, "U1_5", 1170, -395, "T", "DIP", "NET_31", "", "C", 60, 60, 36, 36, 90],
		[102, "U1_5", 1170, -395, "B", "DIP", "NET_31", "", "C", 60, 60, 36, 36, 90],
		[103, "U1_6", 1270, -395, "T", "DIP", "NET_32", "", "C", 60, 60, 36, 36, 90],
		[104, "U1_6", 1270, -395, "B", "DIP", "NET_32", "", "C", 60, 60, 36, 36, 90],
		[105, "U1_7", 1370, -395, "T", "DIP", "$1N5164", "", "C", 60, 60, 36, 36, 90],
		[106, "U1_7", 1370, -395, "B", "DIP", "$1N5164", "", "C", 60, 60, 36, 36, 90],
		[107, "U1_8", 1470, -395, "T", "DIP", "$1N5170", "", "C", 60, 60, 36, 36, 90],
		[108, "U1_8", 1470, -395, "B", "DIP", "$1N5170", "", "C", 60, 60, 36, 36, 90],
		[109, "U1_9", 1570, -395, "T", "DIP", "$1N5180", "", "C", 60, 60, 36, 36, 90],
		[110, "U1_9", 1570, -395, "B", "DIP", "$1N5180", "", "C", 60, 60, 36, 36, 90],
		[111, "U1_10", 1670, -395, "T", "DIP", "$1N5187", "", "C", 60, 60, 36, 36, 90],
		[112, "U1_10", 1670, -395, "B", "DIP", "$1N5187", "", "C", 60, 60, 36, 36, 90],
		[113, "U1_11", 1770, -395, "T", "DIP", "$1N5194", "", "C", 60, 60, 36, 36, 90],
		[114, "U1_11", 1770, -395, "B", "DIP", "$1N5194", "", "C", 60, 60, 36, 36, 90],
		[115, "U1_12", 1870, -395, "T", "DIP", "$1N5212", "", "C", 60, 60, 36, 36, 90],
		[116, "U1_12", 1870, -395, "B", "DIP", "$1N5212", "", "C", 60, 60, 36, 36, 90],
		[117, "U1_13", 1970, -395, "T", "DIP", "$1N5499", "", "C", 60, 60, 36, 36, 90],
		[118, "U1_13", 1970, -395, "B", "DIP", "$1N5499", "", "C", 60, 60, 36, 36, 90],
		[119, "U1_14", 2070, -395, "T", "DIP", "$1N5482", "", "C", 60, 60, 36, 36, 90],
		[120, "U1_14", 2070, -395, "B", "DIP", "$1N5482", "", "C", 60, 60, 36, 36, 90],
		[121, "U1_15", 2170, -395, "T", "DIP", "$1N5476", "", "C", 60, 60, 36, 36, 90],
		[122, "U1_15", 2170, -395, "B", "DIP", "$1N5476", "", "C", 60, 60, 36, 36, 90],
		[123, "U1_16", 770, -1295, "T", "DIP", "$1N5233", "", "C", 60, 60, 36, 36, 90],
		[124, "U1_16", 770, -1295, "B", "DIP", "$1N5233", "", "C", 60, 60, 36, 36, 90],
		[125, "U1_17", 870, -1295, "T", "DIP", "NET_33", "", "C", 60, 60, 36, 36, 90],
		[126, "U1_17", 870, -1295, "B", "DIP", "NET_33", "", "C", 60, 60, 36, 36, 90],
		[127, "U1_18", 970, -1295, "T", "DIP", "NET_34", "", "C", 60, 60, 36, 36, 90],
		[128, "U1_18", 970, -1295, "B", "DIP", "NET_34", "", "C", 60, 60, 36, 36, 90],
		[129, "U1_19", 1070, -1295, "T", "DIP", "NET_35", "", "C", 60, 60, 36, 36, 90],
		[130, "U1_19", 1070, -1295, "B", "DIP", "NET_35", "", "C", 60, 60, 36, 36, 90],
		[131, "U1_20", 1170, -1295, "T", "DIP", "NET_36", "", "C", 60, 60, 36, 36, 90],
		[132, "U1_20", 1170, -1295, "B", "DIP", "NET_36", "", "C", 60, 60, 36, 36, 90],
		[133, "U1_21", 1270, -1295, "T", "DIP", "NET_37", "", "C", 60, 60, 36, 36, 90],
		[134, "U1_21", 1270, -1295, "B", "DIP", "NET_37", "", "C", 60, 60, 36, 36, 90],
		[135, "U1_22", 1370, -1295, "T", "DIP", "NET_38", "", "C", 60, 60, 36, 36, 90],
		[136, "U1_22", 1370, -1295, "B", "DIP", "NET_38", "", "C", 60, 60, 36, 36, 90],
		[137, "U1_23", 1470, -1295, "T", "DIP", "NET_39", "", "C", 60, 60, 36, 36, 90],
		[138, "U1_23", 1470, -1295, "B", "DIP", "NET_39", "", "C", 60, 60, 36, 36, 90],
		[139, "U1_24", 1570, -1295, "T", "DIP", "NET_40", "", "C", 60, 60, 36, 36, 90],
		[140, "U1_24", 1570, -1295, "B", "DIP", "NET_40", "", "C", 60, 60, 36, 36, 90],
		[141, "U1_25", 1670, -1295, "T", "DIP", "NET_41", "", "C", 60, 60, 36, 36, 90],
		[142, "U1_25", 1670, -1295, "B", "DIP", "NET_41", "", "C", 60, 60, 36, 36, 90],
		[143, "U1_26", 1770, -1295, "T", "DIP", "NET_42", "", "C", 60, 60, 36, 36, 90],
		[144, "U1_26", 1770, -1295, "B", "DIP", "NET_42", "", "C", 60, 60, 36, 36, 90],
		[145, "U1_27", 1870, -1295, "T", "DIP", "NET_43", "", "C", 60, 60, 36, 36, 90],
		[146, "U1_27", 1870, -1295, "B", "DIP", "NET_43", "", "C", 60, 60, 36, 36, 90],
		[147, "U1_28", 1970, -1295, "T", "DIP", "$1N6281", "", "C", 60, 60, 36, 36, 90],
		[148, "U1_28", 1970, -1295, "B", "DIP", "$1N6281", "", "C", 60, 60, 36, 36, 90],
		[149, "U1_29", 2070, -1295, "T", "DIP", "$1N6286", "", "C", 60, 60, 36, 36, 90],
		[150, "U1_29", 2070, -1295, "B", "DIP", "$1N6286", "", "C", 60, 60, 36, 36, 90],
		[151, "U1_30", 2170, -1295, "T", "DIP", "NET_44", "", "C", 60, 60, 36, 36, 90],
		[152, "U1_30", 2170, -1295, "B", "DIP", "NET_44", "", "C", 60, 60, 36, 36, 90],
		[153, "PAD1_19", 870, -805, "T", "DIP", "$1N5212", "", "C", 70.866, 70.866, 39.3701, 39.3701, 180],
		[154, "PAD1_19", 870, -805, "B", "DIP", "$1N5212", "", "C", 70.866, 70.866, 39.3701, 39.3701, 180],
		[155, "PAD2_18", 970, -805, "T", "DIP", "$1N5261", "", "C", 70.866, 70.866, 39.3701, 39.3701, 180],
		[156, "PAD2_18", 970, -805, "B", "DIP", "$1N5261", "", "C", 70.866, 70.866, 39.3701, 39.3701, 180],
		[157, "PAD3_5", 2270, -805, "T", "DIP", "$1N6286", "", "C", 70.866, 70.866, 39.3701, 39.3701, 180],
		[158, "PAD3_5", 2270, -805, "B", "DIP", "$1N6286", "", "C", 70.866, 70.866, 39.3701, 39.3701, 180],
		[159, "PAD4_2", 2570, -805, "T", "DIP", "$1N5233", "", "C", 70.866, 70.866, 39.3701, 39.3701, 180],
		[160, "PAD4_2", 2570, -805, "B", "DIP", "$1N5233", "", "C", 70.866, 70.866, 39.3701, 39.3701, 180],
		[161, "PAD5_20", 770, -95, "T", "DIP", "$1N5150", "", "C", 70.866, 70.866, 39.3701, 39.3701, 180],
		[162, "PAD5_20", 770, -95, "B", "DIP", "$1N5150", "", "C", 70.866, 70.866, 39.3701, 39.3701, 180],
		[163, "PAD6_17", 1070, -95, "T", "DIP", "$1N5156", "", "C", 70.866, 70.866, 39.3701, 39.3701, 180],
		[164, "PAD6_17", 1070, -95, "B", "DIP", "$1N5156", "", "C", 70.866, 70.866, 39.3701, 39.3701, 180],
		[165, "PAD7_16", 1170, -95, "T", "DIP", "$1N5164", "", "C", 70.866, 70.866, 39.3701, 39.3701, 180],
		[166, "PAD7_16", 1170, -95, "B", "DIP", "$1N5164", "", "C", 70.866, 70.866, 39.3701, 39.3701, 180],
		[167, "PAD8_15", 1270, -95, "T", "DIP", "$1N5170", "", "C", 70.866, 70.866, 39.3701, 39.3701, 180],
		[168, "PAD8_15", 1270, -95, "B", "DIP", "$1N5170", "", "C", 70.866, 70.866, 39.3701, 39.3701, 180],
		[169, "PAD9_14", 1370, -95, "T", "DIP", "$1N5180", "", "C", 70.866, 70.866, 39.3701, 39.3701, 180],
		[170, "PAD9_14", 1370, -95, "B", "DIP", "$1N5180", "", "C", 70.866, 70.866, 39.3701, 39.3701, 180],
		[171, "PAD10_12", 1570, -95, "T", "DIP", "$1N5187", "", "C", 70.866, 70.866, 39.3701, 39.3701, 180],
		[172, "PAD10_12", 1570, -95, "B", "DIP", "$1N5187", "", "C", 70.866, 70.866, 39.3701, 39.3701, 180],
		[173, "PAD11_11", 1670, -95, "T", "DIP", "$1N5194", "", "C", 70.866, 70.866, 39.3701, 39.3701, 180],
		[174, "PAD11_11", 1670, -95, "B", "DIP", "$1N5194", "", "C", 70.866, 70.866, 39.3701, 39.3701, 180],
		[175, "PAD12_1", 770, -395, "T", "DIP", "$1N5261", "", "C", 60, 60, 36, 36, 90],
		[176, "PAD12_1", 770, -395, "B", "DIP", "$1N5261", "", "C", 60, 60, 36, 36, 90],
		[177, "PAD13_3", 970, -395, "T", "DIP", "$1N5150", "", "C", 60, 60, 36, 36, 90],
		[178, "PAD13_3", 970, -395, "B", "DIP", "$1N5150", "", "C", 60, 60, 36, 36, 90],
		[179, "PAD14_4", 1070, -395, "T", "DIP", "$1N5156", "", "C", 60, 60, 36, 36, 90],
		[180, "PAD14_4", 1070, -395, "B", "DIP", "$1N5156", "", "C", 60, 60, 36, 36, 90],
		[181, "PAD15_7", 1370, -395, "T", "DIP", "$1N5164", "", "C", 60, 60, 36, 36, 90],
		[182, "PAD15_7", 1370, -395, "B", "DIP", "$1N5164", "", "C", 60, 60, 36, 36, 90],
		[183, "PAD16_8", 1470, -395, "T", "DIP", "$1N5170", "", "C", 60, 60, 36, 36, 90],
		[184, "PAD16_8", 1470, -395, "B", "DIP", "$1N5170", "", "C", 60, 60, 36, 36, 90],
		[185, "PAD17_9", 1570, -395, "T", "DIP", "$1N5180", "", "C", 60, 60, 36, 36, 90],
		[186, "PAD17_9", 1570, -395, "B", "DIP", "$1N5180", "", "C", 60, 60, 36, 36, 90],
		[187, "PAD18_10", 1670, -395, "T", "DIP", "$1N5187", "", "C", 60, 60, 36, 36, 90],
		[188, "PAD18_10", 1670, -395, "B", "DIP", "$1N5187", "", "C", 60, 60, 36, 36, 90],
		[189, "PAD19_11", 1770, -395, "T", "DIP", "$1N5194", "", "C", 60, 60, 36, 36, 90],
		[190, "PAD19_11", 1770, -395, "B", "DIP", "$1N5194", "", "C", 60, 60, 36, 36, 90],
		[191, "PAD20_12", 1870, -395, "T", "DIP", "$1N5212", "", "C", 60, 60, 36, 36, 90],
		[192, "PAD20_12", 1870, -395, "B", "DIP", "$1N5212", "", "C", 60, 60, 36, 36, 90],
		[193, "PAD21_13", 1970, -395, "T", "DIP", "$1N5499", "", "C", 60, 60, 36, 36, 90],
		[194, "PAD21_13", 1970, -395, "B", "DIP", "$1N5499", "", "C", 60, 60, 36, 36, 90],
		[195, "PAD22_14", 2070, -395, "T", "DIP", "$1N5482", "", "C", 60, 60, 36, 36, 90],
		[196, "PAD22_14", 2070, -395, "B", "DIP", "$1N5482", "", "C", 60, 60, 36, 36, 90],
		[197, "PAD23_15", 2170, -395, "T", "DIP", "$1N5476", "", "C", 60, 60, 36, 36, 90],
		[198, "PAD23_15", 2170, -395, "B", "DIP", "$1N5476", "", "C", 60, 60, 36, 36, 90],
		[199, "PAD24_16", 770, -1295, "T", "DIP", "$1N5233", "", "C", 60, 60, 36, 36, 90],
		[200, "PAD24_16", 770, -1295, "B", "DIP", "$1N5233", "", "C", 60, 60, 36, 36, 90],
		[201, "PAD25_28", 1970, -1295, "T", "DIP", "$1N6281", "", "C", 60, 60, 36, 36, 90],
		[202, "PAD25_28", 1970, -1295, "B", "DIP", "$1N6281", "", "C", 60, 60, 36, 36, 90],
		[203, "PAD26_29", 2070, -1295, "T", "DIP", "$1N6286", "", "C", 60, 60, 36, 36, 90],
		[204, "PAD26_29", 2070, -1295, "B", "DIP", "$1N6286", "", "C", 60, 60, 36, 36, 90],
		[205, "PAD27_6", 770, -1520, "T", "DIP", "$1N5261", "", "C", 70.866, 70.866, 47.244, 47.244, 180],
		[206, "PAD27_6", 770, -1520, "B", "DIP", "$1N5261", "", "C", 70.866, 70.866, 47.244, 47.244, 180],
		[207, "PAD28_5", 870, -1520, "T", "DIP", "$1N5499", "", "C", 70.866, 70.866, 47.244, 47.244, 180],
		[208, "PAD28_5", 870, -1520, "B", "DIP", "$1N5499", "", "C", 70.866, 70.866, 47.244, 47.244, 180],
		[209, "PAD29_4", 970, -1520, "T", "DIP", "$1N5482", "", "C", 70.866, 70.866, 47.244, 47.244, 180],
		[210, "PAD29_4", 970, -1520, "B", "DIP", "$1N5482", "", "C", 70.866, 70.866, 47.244, 47.244, 180],
		[211, "PAD30_3", 1070, -1520, "T", "DIP", "$1N5476", "", "C", 70.866, 70.866, 47.244, 47.244, 180],
		[212, "PAD30_3", 1070, -1520, "B", "DIP", "$1N5476", "", "C", 70.866, 70.866, 47.244, 47.244, 180],
		[213, "PAD31_2", 1170, -1520, "T", "DIP", "$1N6281", "", "C", 70.866, 70.866, 47.244, 47.244, 180],
		[214, "PAD31_2", 1170, -1520, "B", "DIP", "$1N6281", "", "C", 70.866, 70.866, 47.244, 47.244, 180],
		[215, "PAD32_1", 1270, -1520, "T", "DIP", "$1N5233", "", "R", 70.866, 70.866, 47.244, 47.244, 180],
		[216, "PAD32_1", 1270, -1520, "B", "DIP", "$1N5233", "", "R", 70.866, 70.866, 47.244, 47.244, 180]
	]
}
}